,Player,Pos,Tm,GP,GS,MPG,PPG,RPG,APG,SPG,BPG,TPG,FPG,FG,FGA,3P,3PA,FT,FTA,TS%,PRF
0,A.J. Green,SG,MIL,5,0,4,3.0,0.2,0.2,0.0,0.0,0.0,0.2,6,13,6,12,0,0,58.0,3.2
1,AJ Griffin,SF,ATL,2,0,8,1.7,0.3,0.0,0.0,0.0,0.0,1.0,1,11,1,7,2,2,14.0,1.0
2,Aaron Gordon,PF,DEN,4,4,38,13.5,7.0,3.8,0.8,0.2,2.0,2.0,23,55,3,16,5,10,45.0,21.3
3,Aaron Holiday,PG,HOU,4,0,16,6.2,1.2,2.0,0.8,0.2,0.2,1.8,9,20,5,10,2,2,59.0,8.4
4,Aaron Nesmith,SF,IND,5,1,26,11.2,2.4,1.0,0.8,1.0,0.8,3.8,21,41,6,19,8,14,59.0,11.799999999999997
5,Aaron Wiggins,SG,OKC,3,0,9,4.5,1.2,0.5,0.5,0.0,0.0,0.8,7,11,4,6,0,0,61.0,5.9
6,Admiral Schofield,PF,ORL,1,0,0,0.0,0.0,0.0,0.0,0.0,0.0,0.0,0,0,0,0,0,0,0.0,0.0
7,Al Horford,C,BOS,4,3,28,8.0,6.2,3.8,0.5,1.0,1.5,2.2,12,21,8,16,0,0,76.0,15.8
8,Alec Burks,SG,DET,3,0,20,10.7,2.3,2.3,1.0,0.3,1.0,2.3,10,32,8,21,4,4,48.0,13.3
9,Aleksej Pokusevski,PF,OKC,1,0,1,0.0,0.3,0.3,0.0,0.0,0.0,0.0,0,1,0,1,0,0,0.0,0.6
10,Alex Caruso,SG,CHI,4,2,21,9.0,1.8,1.2,1.5,0.8,0.5,2.0,11,20,8,15,6,6,80.0,11.8
11,Alex Len,C,SAC,1,0,9,3.0,6.0,0.0,0.0,2.0,2.0,1.0,1,1,0,0,1,2,80.0,8.0
12,Alperen Şengün,C,HOU,4,4,36,24.8,10.0,5.2,1.2,0.8,4.5,3.2,37,71,2,13,23,32,58.0,34.3
13,Amari Bailey,PG,CHO,0,0,0,0.0,0.0,0.0,0.0,0.0,0.0,0.0,0,0,0,0,0,0,0.0,0.0
14,Amir Coffey,SF,LAC,1,0,3,1.5,0.5,0.0,0.0,0.0,0.0,0.2,2,6,0,2,2,2,11.0,1.8
15,Andre Drummond,C,CHI,4,0,12,4.8,5.2,0.0,0.8,0.5,0.8,1.2,7,14,0,1,5,14,48.0,9.3
16,Andre Jackson Jr.,SG,MIL,4,0,3,2.0,0.5,0.5,0.0,0.0,0.2,1.0,4,4,4,4,0,0,100.0,1.7999999999999998
17,Andrew Nembhard,PG,IND,5,0,13,6.0,1.2,2.8,0.6,0.2,0.8,0.6,13,28,1,4,3,5,50.0,9.399999999999999
18,Andrew Wiggins,SF,GSW,4,4,28,16.2,6.5,1.0,0.8,0.2,2.5,3.5,25,54,5,17,10,14,54.0,18.7
19,Anthony Black,PG,ORL,4,4,15,2.2,1.5,0.5,0.2,0.0,1.2,1.5,4,14,0,6,1,3,29.0,1.7000000000000002
20,Anthony Davis,C,LAL,6,6,32,20.3,13.7,3.5,1.2,2.7,2.2,2.0,46,94,0,3,30,36,55.0,37.2
21,Anthony Edwards,SG,MIN,4,4,35,26.0,5.8,3.8,1.8,1.0,3.8,1.5,31,74,10,29,32,40,57.0,33.1
22,Anthony Gill,PF,WAS,2,0,2,2.0,0.8,0.2,0.0,0.2,0.2,0.2,2,3,0,0,4,4,42.0,2.8
23,Armoni Brooks,PG,BRK,1,0,6,0.0,1.3,0.0,0.0,0.0,0.3,0.0,0,5,0,3,0,0,0.0,1.0
24,Ausar Thompson,SF,DET,4,4,28,12.5,9.2,3.5,1.0,1.8,2.5,3.2,23,36,0,3,4,10,62.0,22.3
25,Austin Reaves,SG,LAL,6,0,26,15.7,5.2,5.3,0.8,0.0,2.5,0.3,31,62,13,26,19,21,66.0,24.2
26,Ayo Dosunmu,SG,CHI,3,0,16,4.0,1.0,1.3,0.7,0.0,0.0,1.7,5,17,1,6,1,2,34.0,5.3
27,Bam Adebayo,C,MIA,4,4,35,22.8,9.2,3.5,1.2,0.8,2.2,3.2,37,74,0,1,17,21,55.0,32.099999999999994
28,Ben Sheppard,SG,IND,1,0,1,0.8,0.2,0.2,0.0,0.0,0.0,0.0,2,5,1,4,0,0,8.0,1.2
29,Ben Simmons,PG,BRK,1,1,16,4.0,4.5,3.0,0.5,0.0,2.0,1.5,4,8,0,0,0,0,25.0,8.5
30,Bennedict Mathurin,SF,IND,6,2,23,12.0,3.0,1.5,0.3,0.2,1.2,2.0,26,63,10,21,10,14,52.0,13.8
31,Bilal Coulibaly,SF,WAS,3,0,25,8.3,2.7,2.7,0.0,0.3,1.7,1.0,8,16,3,9,6,9,62.0,11.3
32,Bismack Biyombo,C,MEM,3,3,17,4.2,5.4,1.0,0.2,0.6,0.2,2.0,8,20,0,0,5,6,28.0,9.200000000000001
33,Blake Wesley,SG,SAS,1,0,2,0.0,0.0,0.0,0.0,0.0,0.0,0.5,0,0,0,0,0,0,0.0,-0.5
34,Boban Marjanović,C,HOU,0,0,0,0.0,0.0,0.0,0.0,0.0,0.0,0.0,0,0,0,0,0,0,0.0,0.0
35,Bobby Portis,PF,MIL,6,0,22,7.0,4.5,0.7,0.5,0.7,0.8,2.2,19,49,2,12,2,2,42.0,10.399999999999999
36,Bogdan Bogdanović,SG,ATL,4,1,28,18.5,3.2,1.8,1.2,0.2,1.8,2.2,27,60,12,34,8,9,58.0,20.9
37,Bol Bol,PF,PHO,0,0,0,0.0,0.0,0.0,0.0,0.0,0.0,0.0,0,0,0,0,0,0,0.0,0.0
38,Bones Hyland,PG,LAC,1,0,7,4.2,1.0,1.5,0.2,0.0,0.5,1.2,5,9,1,5,6,6,18.0,5.2
39,Bradley Beal,SG,PHO,1,1,31,24.0,4.0,2.0,2.0,0.0,2.0,4.0,9,17,2,4,4,6,61.0,26.0
40,Brandin Podziemski,SG,GSW,2,0,16,7.7,3.3,2.3,0.3,0.0,1.3,1.3,9,23,3,10,2,2,32.0,11.0
41,Brandon Ingram,SF,NOP,6,6,36,24.3,5.5,6.3,0.7,0.2,2.7,2.2,57,117,11,34,21,29,56.0,32.1
42,Brandon Miller,SF,CHO,3,3,31,13.3,3.3,2.3,1.0,0.7,1.7,3.0,17,46,4,17,2,3,42.0,15.900000000000002
43,Braxton Key,SF,DEN,0,0,0,0.0,0.0,0.0,0.0,0.0,0.0,0.0,0,0,0,0,0,0,0.0,0.0
44,Brice Sensabaugh,SF,UTA,0,0,0,0.0,0.0,0.0,0.0,0.0,0.0,0.0,0,0,0,0,0,0,0.0,0.0
45,Brook Lopez,C,MIL,6,6,33,17.7,6.0,2.0,1.0,4.2,1.0,3.3,41,75,13,37,11,14,65.0,26.599999999999998
46,Bruce Brown,SG,IND,6,6,34,13.2,4.5,3.0,1.7,0.0,1.3,3.2,27,65,6,20,19,22,53.0,17.9
47,Bruno Fernando,C,ATL,1,0,1,0.5,0.8,0.0,0.0,0.0,0.2,0.2,1,6,0,0,0,0,4.0,0.9000000000000001
48,Bryce McGowens,SG,CHO,4,0,16,6.0,2.0,0.8,0.5,0.0,0.5,2.0,8,17,5,10,3,4,64.0,6.800000000000001
49,Buddy Hield,SF,IND,6,4,30,14.5,4.3,1.3,0.8,0.3,1.7,2.3,31,58,17,34,8,9,70.0,17.200000000000003
50,CJ McCollum,PG,NOP,2,2,30,13.0,3.0,4.5,2.0,1.0,1.5,2.0,11,28,4,9,0,0,46.0,20.0
51,Cade Cunningham,PG,DET,4,4,36,20.2,3.8,8.0,0.8,0.0,4.5,3.0,31,79,6,19,13,13,48.0,25.299999999999997
52,Caleb Houstan,SF,ORL,4,0,5,1.5,1.2,0.2,0.5,0.0,0.0,0.2,2,3,2,3,0,0,100.0,3.2
53,Caleb Martin,SF,MIA,2,0,21,8.0,2.0,1.0,1.0,0.0,0.0,2.5,7,16,2,6,0,0,50.0,9.5
54,Cam Reddish,SF,LAL,6,6,23,8.0,2.2,1.0,1.2,0.2,0.3,1.8,13,31,10,19,12,14,65.0,10.499999999999996
55,Cam Thomas,SG,BRK,1,1,15,8.5,2.5,2.0,0.0,0.5,0.0,0.5,6,18,3,9,2,2,23.0,13.0
56,Cam Whitmore,SF,HOU,0,0,0,0.0,0.0,0.0,0.0,0.0,0.0,0.0,0,0,0,0,0,0,0.0,0.0
57,Cameron Johnson,PF,BRK,3,3,27,16.3,6.3,1.7,1.0,0.0,1.3,1.7,17,35,7,17,8,9,63.0,22.3
58,Cameron Payne,PG,MIL,6,0,16,4.0,1.7,2.8,0.2,0.2,0.8,1.7,11,25,2,11,0,0,48.0,6.399999999999998
59,Caris LeVert,SG,CLE,3,0,18,6.6,1.8,1.2,0.6,0.2,1.0,1.0,13,34,3,15,4,6,27.0,8.399999999999999
60,Cason Wallace,SG,OKC,4,1,24,10.0,2.5,1.5,0.8,0.8,0.5,0.8,16,26,7,11,1,2,74.0,14.3
61,Cedi Osman,SF,SAS,4,0,16,5.5,0.8,0.8,0.2,0.0,0.2,1.2,9,21,4,14,0,0,52.0,5.8999999999999995
62,Charles Bassey,C,SAS,4,0,9,2.5,3.5,1.2,0.0,0.8,0.0,0.5,5,9,0,1,0,0,56.0,7.5
63,Charles Bediako,,,0,0,0,0.0,0.0,0.0,0.0,0.0,0.0,0.0,0,0,0,0,0,0,0.0,0.0
64,Charlie Brown Jr.,SG,NYK,1,0,2,0.0,0.0,0.0,0.0,0.0,2.0,0.0,0,1,0,1,0,0,0.0,-2.0
65,Chet Holmgren,C,OKC,4,4,30,15.2,7.5,3.8,1.2,1.0,2.0,2.5,21,51,6,18,13,15,53.0,24.2
66,Chimezie Metu,C,PHO,2,0,4,0.6,0.4,0.4,0.2,0.0,0.0,0.6,1,3,0,1,1,2,15.0,0.9999999999999999
67,Chris Boucher,PF,TOR,4,0,14,6.5,2.0,0.0,0.5,0.2,0.0,1.0,9,20,5,10,3,4,60.0,8.2
68,Chris Duarte,SF,SAC,4,2,13,2.8,2.2,0.0,1.5,0.0,1.2,2.2,4,13,2,8,1,2,40.0,3.0999999999999996
69,Chris Livingston,SF,MIL,1,0,0,0.0,0.4,0.0,0.2,0.0,0.2,0.0,0,1,0,0,0,0,0.0,0.4000000000000001
70,Chris Paul,PG,GSW,4,1,24,6.0,3.0,6.8,1.8,0.2,1.2,1.0,9,28,4,10,2,3,41.0,15.600000000000001
71,Christian Braun,SG,DEN,4,0,22,12.8,4.5,1.0,0.2,0.0,0.2,2.0,22,38,3,5,4,5,64.0,16.3
72,Christian Wood,PF,LAL,5,0,15,6.2,7.2,1.0,0.0,0.5,1.3,1.3,16,33,2,10,3,3,45.0,12.299999999999999
73,Chuma Okeke,SF,ORL,2,0,1,1.5,0.0,0.0,0.0,0.0,0.0,0.0,2,3,2,3,0,0,50.0,1.5
74,Clint Capela,C,ATL,4,4,24,13.2,8.2,1.0,1.2,2.0,1.5,3.2,22,34,0,0,9,12,67.0,20.9
75,Coby White,PG,CHI,4,4,32,13.8,2.0,3.0,0.2,0.2,1.8,1.5,21,44,9,23,4,5,60.0,15.899999999999999
76,Cody Zeller,C,NOP,5,0,4,0.5,1.2,0.2,0.3,0.2,0.2,0.5,0,2,0,0,3,5,30.0,1.6999999999999997
77,Colby Jones,SG,SAC,0,0,0,0.0,0.0,0.0,0.0,0.0,0.0,0.0,0,0,0,0,0,0,0.0,0.0
78,Cole Anthony,PG,ORL,4,0,30,13.0,5.5,6.2,0.8,0.2,2.8,2.8,16,49,7,21,13,15,47.0,20.099999999999998
79,Cole Swider,SF,MIA,1,0,3,0.0,0.0,1.0,0.0,0.0,0.0,0.0,0,3,0,2,0,0,0.0,1.0
80,Collin Gillespie,PG,DEN,1,0,1,0.0,0.0,0.0,0.0,0.0,0.2,0.0,0,0,0,0,0,0,0.0,-0.2
81,Collin Sexton,SG,UTA,4,0,22,11.2,3.2,5.2,0.8,0.8,1.5,2.0,17,38,3,12,8,8,54.0,17.7
82,Corey Kispert,SF,WAS,3,0,25,14.3,4.0,0.7,0.3,0.0,1.0,2.0,15,23,10,16,3,3,88.0,16.3
83,Cory Joseph,PG,GSW,2,0,5,2.5,0.8,1.8,0.0,0.0,0.5,0.2,3,8,2,3,2,3,27.0,4.3999999999999995
84,Craig Porter Jr.,PG,CLE,4,0,14,5.6,1.8,2.8,0.4,0.4,0.6,0.6,12,22,0,1,4,4,47.0,9.8
85,D'Angelo Russell,PG,LAL,6,6,26,16.5,2.7,5.7,0.2,0.3,1.5,1.7,35,64,17,33,12,18,69.0,22.2
86,DaQuan Jeffries,SG,NYK,2,0,1,0.0,0.0,0.0,0.0,0.0,0.0,0.0,0,0,0,0,0,0,0.0,0.0
87,Daishen Nix,PG,MIN,0,0,0,0.0,0.0,0.0,0.0,0.0,0.0,0.0,0,0,0,0,0,0,0.0,0.0
88,Dalano Banton,PG,BOS,3,0,6,1.0,1.0,0.2,0.0,0.2,0.6,0.4,2,6,1,2,0,0,25.0,1.4000000000000004
89,Dalen Terry,SG,CHI,1,0,2,0.0,1.7,0.3,0.0,0.3,0.0,0.3,0,0,0,0,0,0,0.0,1.9999999999999998
90,Damian Jones,C,CLE,0,0,0,0.0,0.0,0.0,0.0,0.0,0.0,0.0,0,0,0,0,0,0,0.0,0.0
91,Damian Lillard,PG,MIL,6,6,36,28.7,4.8,7.0,0.7,0.5,2.3,1.7,51,102,24,47,46,48,70.0,37.7
92,Daniel Gafford,C,WAS,4,4,26,8.0,7.5,1.5,1.0,2.0,1.5,4.5,12,22,0,0,8,11,60.0,14.0
93,Daniel Theis,C,TOT,2,0,10,1.7,2.3,0.7,0.3,1.0,0.3,1.3,2,6,1,3,0,2,25.0,4.4
94,Daniel Theis,C,IND,2,0,10,1.7,2.3,0.7,0.3,1.0,0.3,1.3,2,6,1,3,0,2,25.0,4.4
95,Daniel Theis,C,LAC,2,0,10,1.7,2.3,0.7,0.3,1.0,0.3,1.3,2,6,1,3,0,2,25.0,4.4
96,Danilo Gallinari,PF,WAS,4,0,15,7.2,3.5,2.2,0.0,0.5,0.5,1.5,11,23,3,10,4,6,56.0,11.399999999999999
97,Dante Exum,PG,DAL,4,0,12,7.2,1.0,2.8,0.2,0.0,0.8,1.2,10,17,3,7,6,9,69.0,9.2
98,Danuel House Jr.,SF,PHI,2,0,12,4.7,1.3,0.3,0.0,0.0,1.0,1.3,5,8,1,4,3,3,50.0,4.0
99,Dario Šarić,C,GSW,4,1,24,17.8,4.8,3.5,1.2,0.0,1.5,3.0,22,42,13,29,14,14,74.0,22.8
100,Darius Garland,PG,CLE,5,5,37,20.6,2.4,5.2,1.6,0.2,3.0,1.0,35,75,8,20,25,29,59.0,26.0
101,David Roddy,PF,MEM,5,2,28,11.2,3.2,0.6,1.2,0.8,0.8,1.8,23,53,5,21,5,7,50.0,14.399999999999999
102,Davion Mitchell,PG,SAC,3,0,7,2.4,0.2,0.4,0.2,0.0,0.2,0.8,4,12,2,9,2,2,28.0,2.2
103,Day'Ron Sharpe,C,BRK,4,0,16,6.8,7.0,0.8,0.0,0.2,1.0,2.8,10,18,0,1,7,11,60.0,11.0
104,De'Aaron Fox,PG,SAC,4,4,39,34.5,7.2,7.5,1.2,0.2,2.8,3.0,47,101,11,33,33,49,56.0,44.80000000000001
105,De'Andre Hunter,SF,ATL,4,4,26,12.5,3.5,2.0,0.5,0.0,1.0,2.5,18,40,5,15,9,10,56.0,15.0
106,De'Anthony Melton,SG,PHI,3,3,33,18.0,3.7,3.3,2.0,0.7,1.7,3.3,16,35,9,19,13,16,64.0,22.7
107,DeAndre Jordan,C,DEN,0,0,0,0.0,0.0,0.0,0.0,0.0,0.0,0.0,0,0,0,0,0,0,0.0,0.0
108,DeMar DeRozan,SF,CHI,4,4,33,21.2,2.5,4.2,0.5,0.2,1.8,1.5,33,70,4,9,15,21,54.0,25.299999999999997
109,Dean Wade,PF,CLE,4,3,21,0.8,2.5,0.5,0.8,0.0,0.2,2.5,1,6,1,6,0,0,27.0,1.8999999999999995
110,Deandre Ayton,C,POR,3,3,34,19.0,10.0,3.0,1.0,0.3,2.7,2.0,27,45,0,0,3,4,61.0,28.599999999999998
111,Dejounte Murray,SG,ATL,4,4,34,21.5,3.0,4.8,2.0,0.2,3.2,1.8,32,70,11,24,11,11,57.0,26.5
112,Delon Wright,PG,WAS,2,0,16,2.0,2.0,4.0,1.0,0.0,1.0,1.5,1,6,0,2,2,3,27.0,6.5
113,Deni Avdija,SF,WAS,4,4,28,11.2,4.8,3.8,0.5,0.5,2.0,2.5,19,34,4,10,3,4,63.0,16.3
114,Dennis Schröder,PG,TOR,4,4,32,19.5,3.2,5.2,0.2,0.0,1.8,2.2,28,63,12,29,10,11,57.0,24.099999999999998
115,Dennis Smith Jr.,PG,BRK,3,0,20,9.0,2.7,4.3,1.0,0.0,0.7,2.3,11,26,1,4,4,4,49.0,14.0
116,Dereck Lively II,C,DAL,4,4,24,5.5,5.5,1.2,0.2,1.0,0.2,3.8,10,17,0,2,2,2,62.0,9.399999999999999
117,Dereon Seabron,SG,NOP,2,0,7,0.0,0.5,0.0,1.0,0.0,0.0,0.0,0,3,0,0,0,0,0.0,1.5
118,Derrick Jones Jr.,SF,DAL,4,3,24,10.0,5.0,1.8,1.5,0.2,0.2,1.5,14,26,5,13,7,7,69.0,16.8
119,Derrick Rose,PG,MEM,1,0,21,17.0,2.0,1.0,1.0,0.0,1.0,0.0,8,9,1,1,0,0,94.0,20.0
120,Derrick White,SG,BOS,5,5,32,14.4,4.0,5.8,0.8,0.6,1.8,2.4,23,52,10,30,16,20,59.0,21.400000000000002
121,Desmond Bane,SG,MEM,5,5,37,19.4,3.8,6.2,1.2,1.2,2.4,2.8,37,83,12,34,11,13,55.0,26.599999999999998
122,Devin Booker,SG,PHO,4,4,34,28.2,5.8,7.8,1.5,0.8,3.5,3.0,37,72,6,11,33,37,64.0,37.599999999999994
123,Devin Vassell,SG,SAS,3,2,28,21.7,3.3,3.0,1.3,0.3,1.3,1.3,23,47,11,23,8,11,63.0,27.0
124,Devonte' Graham,PG,SAS,1,0,4,1.0,0.2,1.8,0.0,0.0,0.5,0.5,1,3,0,2,2,3,12.0,2.0
125,Dillon Brooks,SF,HOU,4,4,26,9.5,2.0,1.5,0.8,0.2,0.8,5.2,14,34,4,10,6,10,49.0,7.999999999999999
126,Domantas Sabonis,C,SAC,5,5,37,18.8,11.8,9.0,1.2,1.4,2.6,4.2,33,62,3,6,25,31,62.0,35.4
127,Dominick Barlow,PF,SAS,1,0,2,0.0,0.5,0.0,0.0,0.0,0.0,0.0,0,0,0,0,0,0,0.0,0.5
128,Donovan Mitchell,SG,CLE,2,2,36,39.0,8.0,7.0,2.0,0.5,4.5,2.0,27,46,7,18,17,19,72.0,50.0
129,Donte DiVincenzo,SG,NYK,5,1,19,7.0,3.0,0.8,0.4,0.0,1.4,0.8,11,34,9,24,4,5,48.0,9.0
130,Dorian Finney-Smith,PF,BRK,4,4,27,10.0,4.8,1.0,0.5,0.8,0.0,2.5,15,35,10,22,0,0,57.0,14.600000000000001
131,Doug McDermott,SF,SAS,4,0,17,5.2,0.5,2.2,0.8,0.0,1.0,0.8,8,18,4,10,1,2,55.0,6.900000000000001
132,Draymond Green,PF,GSW,3,3,16,5.8,3.2,1.5,0.0,0.8,2.0,2.5,8,19,4,8,3,3,43.0,6.800000000000001
133,Drew Eubanks,C,PHO,4,0,16,6.5,3.2,0.5,0.2,0.2,1.8,2.5,10,15,1,1,5,5,76.0,6.299999999999997
134,Dru Smith,SG,MIA,1,0,2,0.0,0.0,0.0,0.0,0.0,0.0,1.0,0,0,0,0,0,0,0.0,-1.0
135,Duncan Robinson,SF,MIA,3,2,32,16.3,4.0,4.7,0.7,0.7,1.7,1.7,18,35,11,25,2,4,67.0,23.0
136,Duop Reath,C,POR,3,0,10,3.3,1.3,0.3,0.7,0.0,0.7,1.0,4,15,2,10,0,0,33.0,3.8999999999999995
137,Dwight Powell,C,DAL,4,0,12,4.8,3.2,1.5,0.2,0.2,0.5,1.5,6,12,0,0,7,7,64.0,7.899999999999999
138,Dylan Windler,SF,NYK,0,0,0,0.0,0.0,0.0,0.0,0.0,0.0,0.0,0,0,0,0,0,0,0.0,0.0
139,Dyson Daniels,PG,NOP,6,4,26,6.8,6.2,3.3,1.7,0.3,0.7,1.8,14,35,3,13,10,11,51.0,15.8
140,Dāvis Bertāns,PF,OKC,0,0,0,0.0,0.0,0.0,0.0,0.0,0.0,0.0,0,0,0,0,0,0,0.0,0.0
141,Emoni Bates,SF,CLE,0,0,0,0.0,0.0,0.0,0.0,0.0,0.0,0.0,0,0,0,0,0,0,0.0,0.0
142,Eric Gordon,SG,PHO,5,4,33,12.8,2.2,2.6,1.4,0.6,1.4,1.0,23,49,14,30,4,4,63.0,17.200000000000003
143,Eugene Omoruyi,SF,WAS,2,0,3,3.0,0.0,0.7,0.3,0.0,0.3,0.3,4,4,1,1,0,0,75.0,3.4000000000000004
144,Evan Fournier,SG,NYK,1,0,4,0.5,0.2,0.2,0.2,0.0,0.0,0.5,1,6,0,4,0,0,4.0,0.5999999999999999
145,Evan Mobley,PF,CLE,5,5,36,14.2,11.0,3.4,1.0,2.4,2.2,3.2,30,51,1,5,10,12,63.0,26.599999999999998
146,Filip Petrušev,C,TOT,0,0,0,0.0,0.0,0.0,0.0,0.0,0.0,0.0,0,0,0,0,0,0,0.0,0.0
147,Filip Petrušev,C,PHI,0,0,0,0.0,0.0,0.0,0.0,0.0,0.0,0.0,0,0,0,0,0,0,0.0,0.0
148,Filip Petrušev,C,SAC,0,0,0,0.0,0.0,0.0,0.0,0.0,0.0,0.0,0,0,0,0,0,0,0.0,0.0
149,Franz Wagner,SF,ORL,4,4,34,19.0,6.0,3.8,1.2,0.2,1.2,2.0,33,69,7,26,3,6,53.0,27.0
150,Fred VanVleet,PG,HOU,4,4,40,16.5,5.2,10.2,1.0,1.2,1.0,2.0,23,50,13,30,7,7,62.0,31.1
151,Furkan Korkmaz,SG,PHI,2,0,1,0.0,0.0,0.0,0.0,0.0,0.3,0.0,0,1,0,0,0,0,0.0,-0.3
152,Garrett Temple,SG,TOR,1,0,1,0.5,0.0,0.5,0.0,0.0,0.0,0.0,1,1,0,0,0,0,25.0,1.0
153,Garrison Mathews,SG,ATL,2,0,1,0.8,0.5,0.0,0.0,0.0,0.0,0.0,1,2,1,2,0,0,40.0,1.3
154,Gary Harris,SG,ORL,3,1,23,9.7,3.3,1.0,0.7,0.7,0.7,2.3,10,20,6,15,3,3,68.0,12.399999999999999
155,Gary Payton II,SG,GSW,4,0,18,6.8,3.5,1.0,1.2,0.5,1.0,2.5,12,18,2,8,1,1,74.0,9.5
156,Gary Trent Jr.,SG,TOR,4,1,24,12.0,1.2,1.2,0.8,0.0,0.0,1.2,18,40,9,20,3,4,57.0,14.0
157,Georges Niang,PF,CLE,5,0,24,9.0,6.2,1.0,0.6,0.2,0.6,1.6,16,31,7,17,6,6,67.0,14.799999999999999
158,Giannis Antetokounmpo,PF,MIL,6,6,35,29.0,8.8,5.8,1.7,0.8,3.8,3.2,62,96,5,7,45,67,69.0,39.099999999999994
159,Goga Bitadze,C,ORL,4,4,23,6.8,4.8,2.5,1.5,2.0,0.5,3.5,11,19,0,1,5,10,58.0,13.600000000000001
160,Gordon Hayward,SF,CHO,3,3,30,11.0,5.0,5.0,1.3,0.3,0.7,1.0,13,36,1,9,6,8,42.0,20.900000000000002
161,Gradey Dick,SG,TOR,3,0,10,1.7,1.3,1.0,0.0,0.0,1.0,0.3,1,9,1,7,2,2,26.0,2.7
162,Grant Williams,PF,DAL,4,4,22,6.2,3.0,1.5,0.2,0.8,1.5,3.0,8,23,6,15,3,4,50.0,7.199999999999999
163,Grayson Allen,SG,PHO,5,5,34,12.4,4.0,3.0,1.0,0.4,0.8,2.4,22,44,9,21,9,10,64.0,17.599999999999998
164,Gregory Jackson II,PF,MEM,1,0,1,0.0,0.0,0.0,1.0,0.0,1.0,0.0,0,1,0,1,0,0,0.0,0.0
165,Gui Santos,PF,GSW,0,0,0,0.0,0.0,0.0,0.0,0.0,0.0,0.0,0,0,0,0,0,0,0.0,0.0
166,Harrison Barnes,PF,SAC,5,5,29,9.0,3.6,1.2,0.8,0.4,1.4,0.8,16,37,6,22,7,9,55.0,12.799999999999999
167,Harry Giles,C,BRK,1,0,1,1.8,0.2,0.0,0.0,0.0,0.2,0.2,3,3,1,1,0,0,30.0,1.6
168,Haywood Highsmith,PF,MIA,3,3,19,6.2,1.8,1.2,1.8,0.5,1.0,1.2,9,18,5,13,2,2,49.0,9.3
169,Herbert Jones,SF,NOP,5,5,30,14.8,5.0,3.6,2.2,1.4,1.6,4.2,26,46,8,17,14,16,70.0,21.2
170,Hunter Tyson,PF,DEN,0,0,0,0.0,0.0,0.0,0.0,0.0,0.0,0.0,0,0,0,0,0,0,0.0,0.0
171,Immanuel Quickley,SG,NYK,5,0,25,18.2,3.4,2.2,0.2,0.2,1.2,1.6,33,72,13,32,12,13,59.0,21.399999999999995
172,Isaac Okoro,SF,CLE,2,0,20,5.5,1.5,2.0,1.0,1.0,0.5,2.0,5,9,1,2,0,1,58.0,8.5
173,Isaiah Hartenstein,C,NYK,5,0,19,3.4,5.8,2.0,0.6,0.8,1.0,2.8,8,15,0,0,1,2,54.0,8.8
174,Isaiah Jackson,C,IND,4,0,10,4.7,4.3,0.7,0.2,1.3,0.7,2.3,10,20,0,1,8,11,38.0,8.2
175,Isaiah Joe,SG,OKC,4,0,20,10.5,1.0,1.2,1.5,0.0,0.5,0.8,13,27,9,21,7,8,69.0,12.899999999999999
176,Isaiah Livers,PF,DET,1,0,9,2.7,0.7,0.0,0.0,0.0,0.0,0.7,3,5,2,4,0,0,27.0,2.7
177,Isaiah Mobley,PF,CLE,0,0,0,0.0,0.0,0.0,0.0,0.0,0.0,0.0,0,0,0,0,0,0,0.0,0.0
178,Isaiah Stewart,PF,DET,4,4,27,10.2,5.8,1.2,0.8,1.2,1.0,1.8,16,38,4,14,5,5,51.0,16.4
179,Ish Smith,PG,CHO,3,0,14,3.5,1.2,1.5,0.0,0.2,1.8,0.5,7,13,0,0,0,0,40.0,4.1000000000000005
180,Ish Wainright,SF,POR,1,0,1,0.0,0.0,0.0,0.5,0.0,0.0,0.5,0,1,0,1,0,0,0.0,0.0
181,Ivica Zubac,C,LAC,4,4,26,11.0,8.2,1.5,0.0,1.5,1.5,3.2,18,31,0,0,8,13,60.0,17.5
182,JT Thor,PF,CHO,4,1,16,3.5,3.0,0.8,0.0,0.0,0.2,1.0,6,14,2,4,0,2,47.0,6.1
183,JaVale McGee,C,SAC,4,0,5,1.8,1.6,0.4,0.2,0.4,0.4,0.6,4,6,0,0,1,2,52.0,3.4
184,Jabari Smith Jr.,PF,HOU,4,4,32,11.8,9.5,1.2,0.5,0.8,1.2,3.0,19,40,6,16,3,3,57.0,19.6
185,Jabari Walker,SF,POR,3,0,18,9.0,5.3,0.3,0.7,0.3,0.3,1.7,10,19,2,7,5,7,61.0,13.600000000000001
186,Jacob Gilyard,PG,MEM,5,3,20,6.2,1.6,3.6,0.6,0.0,1.4,1.2,11,23,8,19,1,1,66.0,9.4
187,Jacob Toppin,SF,NYK,1,0,2,0.0,0.0,0.0,0.0,1.0,0.0,0.0,0,0,0,0,0,0,0.0,1.0
188,Jaden Hardy,SG,DAL,4,0,12,6.5,1.8,1.5,0.2,0.0,0.8,1.5,11,27,3,9,1,2,47.0,7.699999999999999
189,Jaden Ivey,SG,DET,3,1,20,11.8,2.2,2.8,0.8,0.2,2.5,1.8,17,29,3,10,10,15,50.0,13.5
190,Jaden McDaniels,SF,MIN,2,2,14,5.0,2.5,0.0,1.0,0.0,0.0,3.0,5,12,0,3,0,0,42.0,5.5
191,Jaden Springer,SG,PHI,2,0,9,3.3,1.0,0.7,0.3,0.7,1.0,1.3,4,8,0,2,2,2,37.0,3.7
192,Jae Crowder,PF,MIL,1,0,23,14.0,6.0,2.0,1.0,0.0,0.0,1.0,5,8,4,6,0,0,88.0,22.0
193,Jae'Sean Tate,SF,HOU,4,0,14,5.5,3.0,1.0,1.0,0.2,0.5,3.8,9,18,1,7,3,3,57.0,6.3999999999999995
194,Jaime Jaquez Jr.,SF,MIA,4,0,30,13.8,4.8,3.5,0.8,0.2,0.5,3.0,25,44,2,11,3,3,61.0,19.6
195,Jakob Poeltl,C,TOR,4,4,27,10.5,9.2,3.0,1.0,1.0,2.2,2.2,20,25,0,0,2,7,75.0,20.3
196,Jalen Brunson,PG,NYK,5,5,35,27.4,4.2,5.4,1.0,0.0,2.2,2.0,52,100,11,32,22,30,61.0,33.8
197,Jalen Duren,C,DET,2,1,12,4.2,4.2,1.8,0.2,0.5,1.2,1.5,7,15,0,1,3,4,25.0,8.200000000000001
198,Jalen Green,SG,HOU,4,4,34,20.5,4.0,3.2,0.8,0.5,2.5,2.0,27,66,8,28,20,23,54.0,24.5
199,Jalen Hood-Schifino,SG,LAL,1,0,1,0.2,0.7,0.2,0.0,0.2,0.2,0.2,0,3,0,0,1,2,3.0,0.8999999999999999
200,Jalen Johnson,SF,ATL,3,3,35,17.0,7.3,3.0,1.3,1.7,1.0,2.0,19,33,2,6,11,11,67.0,27.3
201,Jalen McDaniels,SF,TOR,3,0,6,3.5,0.8,0.5,0.5,0.2,0.2,0.8,5,10,2,3,2,2,48.0,4.5
202,Jalen Pickett,SG,DEN,2,0,6,1.2,0.8,0.8,0.2,0.0,0.8,1.0,2,5,1,4,0,0,24.0,1.2000000000000002
203,Jalen Slawson,SF,SAC,0,0,0,0.0,0.0,0.0,0.0,0.0,0.0,0.0,0,0,0,0,0,0,0.0,0.0
204,Jalen Smith,C,IND,4,0,11,8.0,3.5,0.8,0.2,0.2,1.0,1.2,12,15,4,4,4,7,88.0,10.5
205,Jalen Suggs,SG,ORL,3,3,20,9.5,2.2,1.8,1.2,0.2,2.0,1.8,13,31,7,15,5,6,42.0,11.099999999999998
206,Jalen Williams,PF,OKC,4,4,31,13.2,3.2,4.0,0.5,0.2,3.2,3.5,21,45,1,9,10,14,52.0,14.399999999999999
207,Jalen Wilson,PF,BRK,0,0,0,0.0,0.0,0.0,0.0,0.0,0.0,0.0,0,0,0,0,0,0,0.0,0.0
208,Jamal Cain,PF,MIA,1,0,6,2.5,0.0,0.0,0.0,0.0,0.0,0.0,1,2,1,2,2,4,33.0,2.5
209,Jamal Murray,PG,DEN,1,1,39,18.0,2.0,13.0,1.0,0.0,2.0,4.0,5,15,2,6,6,6,51.0,28.0
210,Jamaree Bouyea,PG,POR,3,0,6,0.0,0.7,0.0,0.0,0.0,1.7,0.7,0,5,0,2,0,0,0.0,-1.7
211,James Bouknight,SG,CHO,1,0,4,5.0,1.0,0.0,0.0,0.0,0.0,0.0,2,3,1,2,0,0,83.0,6.0
212,James Harden,SG,LAC,4,4,34,16.8,5.2,6.0,1.5,0.5,2.2,1.8,20,40,8,21,19,23,67.0,26.0
213,James Wiseman,C,DET,3,0,6,4.2,2.5,0.2,0.0,0.0,0.0,0.8,8,9,0,0,1,2,64.0,6.1000000000000005
214,Jarace Walker,PF,IND,0,0,0,0.0,0.0,0.0,0.0,0.0,0.0,0.0,0,0,0,0,0,0,0.0,0.0
215,Jared Butler,SG,WAS,1,0,1,0.0,0.0,0.0,0.0,0.0,0.0,0.0,0,0,0,0,0,0,0.0,0.0
216,Jared Rhoden,SG,DET,1,0,7,5.0,0.0,0.0,0.0,0.0,1.0,1.0,2,3,1,2,0,0,83.0,3.0
217,Jaren Jackson Jr.,C,MEM,5,5,29,15.6,5.8,2.2,0.4,0.8,2.0,2.0,30,70,9,23,9,18,50.0,20.799999999999997
218,Jarred Vanderbilt,PF,LAL,2,0,9,1.0,3.7,1.0,0.3,0.3,0.3,0.7,1,4,0,2,1,2,20.0,5.3
219,Jarrett Allen,C,CLE,5,5,30,15.0,7.8,1.8,0.6,2.2,1.6,3.0,29,52,1,3,16,19,62.0,22.8
220,Jaxson Hayes,C,LAL,6,0,13,4.5,1.8,0.3,0.5,0.7,0.7,1.7,11,14,0,1,5,9,75.0,5.3999999999999995
221,Jaylen Brown,SF,BOS,5,5,33,25.8,5.2,3.4,1.2,1.0,3.0,2.4,51,101,15,37,12,21,59.0,31.200000000000003
222,Jaylen Martin,,,0,0,0,0.0,0.0,0.0,0.0,0.0,0.0,0.0,0,0,0,0,0,0,0.0,0.0
223,Jaylen Nowell,SG,MEM,1,0,1,0.0,0.0,0.0,0.0,0.0,0.0,0.0,0,0,0,0,0,0,0.0,0.0
224,Jaylin Williams,C,OKC,4,0,16,3.2,4.5,2.5,0.8,0.0,0.5,1.8,4,20,2,12,3,4,29.0,8.7
225,Jayson Tatum,PF,BOS,5,5,36,23.8,8.2,3.6,0.8,0.0,2.6,2.2,42,97,9,41,26,32,54.0,31.599999999999998
226,Jeenathan Williams,SG,HOU,0,0,0,0.0,0.0,0.0,0.0,0.0,0.0,0.0,0,0,0,0,0,0,0.0,0.0
227,Jeff Green,PF,HOU,4,0,14,2.8,1.5,0.8,0.0,0.8,1.0,0.5,3,10,0,5,5,5,46.0,4.3999999999999995
228,Jerami Grant,PF,POR,3,3,34,25.3,3.3,3.3,0.7,0.7,1.3,1.3,26,56,12,23,12,14,61.0,30.700000000000006
229,Jeremiah Robinson-Earl,PF,NOP,3,0,5,1.3,0.7,0.5,0.2,0.0,0.5,0.5,3,5,2,2,0,0,39.0,1.7000000000000002
230,Jeremy Sochan,PG,SAS,4,4,31,9.5,6.0,5.0,1.0,0.0,3.2,2.8,16,40,4,7,2,4,45.0,15.5
231,Jericho Sims,C,NYK,3,0,1,0.0,0.2,0.0,0.0,0.0,0.2,0.0,0,0,0,0,0,0,0.0,0.0
232,Jermaine Samuels,SF,HOU,0,0,0,0.0,0.0,0.0,0.0,0.0,0.0,0.0,0,0,0,0,0,0,0.0,0.0
233,Jerome Robinson,SG,GSW,0,0,0,0.0,0.0,0.0,0.0,0.0,0.0,0.0,0,0,0,0,0,0,0.0,0.0
234,Jett Howard,SF,ORL,1,0,1,0.0,0.0,0.0,0.0,0.0,0.0,0.0,0,4,0,4,0,0,0.0,0.0
235,Jevon Carter,PG,CHI,4,0,12,3.2,1.0,1.0,0.2,0.2,0.8,0.5,6,12,1,4,0,0,53.0,4.300000000000001
236,Jimmy Butler,PF,MIA,3,3,25,18.8,3.2,2.5,1.5,0.0,1.8,0.8,24,39,5,8,22,26,56.0,23.4
237,Jock Landale,C,HOU,2,0,3,0.5,1.5,0.0,0.0,0.0,0.2,0.0,1,4,0,0,0,0,12.0,1.8
238,Joe Harris,SG,DET,0,0,0,0.0,0.0,0.0,0.0,0.0,0.0,0.0,0,0,0,0,0,0,0.0,0.0
239,Joe Ingles,SF,ORL,4,0,20,7.5,2.8,3.0,0.5,0.2,1.2,1.2,11,18,7,13,1,1,81.0,11.600000000000001
240,Joel Embiid,C,PHI,3,3,36,34.7,11.7,5.7,1.7,0.7,4.7,3.3,29,62,2,11,44,47,63.0,46.500000000000014
241,John Butler,,,0,0,0,0.0,0.0,0.0,0.0,0.0,0.0,0.0,0,0,0,0,0,0,0.0,0.0
242,John Collins,PF,UTA,4,4,32,15.5,7.8,1.0,0.5,2.5,1.2,3.5,22,44,8,15,10,15,61.0,22.6
243,John Konchar,SF,MEM,5,0,15,3.0,2.0,1.8,0.6,0.2,0.0,0.4,5,14,4,8,1,2,50.0,7.199999999999999
244,Johnny Davis,SG,WAS,3,0,7,4.2,1.5,0.0,0.2,0.0,0.2,0.2,7,9,1,1,2,2,64.0,5.5
245,Jonas Valančiūnas,C,NOP,6,6,27,13.7,7.0,2.5,0.5,1.7,0.8,3.8,34,61,5,12,9,12,62.0,20.799999999999997
246,Jonathan Isaac,PF,ORL,4,0,14,8.8,5.5,0.5,1.0,1.0,1.2,1.5,12,20,3,11,8,10,72.0,14.100000000000001
247,Jonathan Kuminga,PF,GSW,4,0,16,9.0,1.5,1.0,0.0,0.0,1.8,1.8,16,28,1,6,3,6,59.0,7.8999999999999995
248,Jordan Clarkson,SG,UTA,4,4,32,25.0,2.0,3.5,1.5,0.2,1.5,1.0,39,70,11,27,11,11,67.0,29.700000000000003
249,Jordan Ford,PG,SAC,0,0,0,0.0,0.0,0.0,0.0,0.0,0.0,0.0,0,0,0,0,0,0,0.0,0.0
250,Jordan Goodwin,PG,PHO,5,0,12,5.8,3.0,1.4,0.4,0.0,0.4,0.6,12,26,4,13,1,1,55.0,9.600000000000001
251,Jordan Hawkins,SG,NOP,5,1,22,9.7,4.0,1.5,0.3,0.0,0.5,1.8,20,48,11,30,7,8,47.0,13.2
252,Jordan Nwora,SF,IND,0,0,0,0.0,0.0,0.0,0.0,0.0,0.0,0.0,0,0,0,0,0,0,0.0,0.0
253,Jordan Poole,SG,WAS,4,4,30,16.8,2.2,5.8,1.0,0.0,3.0,3.5,25,59,5,21,12,15,51.0,19.3
254,Jose Alvarado,PG,NOP,3,0,13,5.2,2.5,1.8,1.2,0.5,0.8,0.5,7,17,4,8,3,4,42.0,9.899999999999999
255,Josh Giddey,SG,OKC,4,4,27,14.8,5.5,4.2,0.0,0.5,3.8,1.0,25,44,0,7,9,12,60.0,20.2
256,Josh Green,SG,DAL,4,1,25,5.8,4.2,2.8,0.5,0.2,0.8,2.2,9,19,5,12,0,0,61.0,10.5
257,Josh Hart,SF,NYK,5,2,29,10.6,6.6,2.8,1.6,0.8,0.6,2.2,22,41,5,13,4,4,62.0,19.6
258,Josh Minott,SF,MIN,0,0,0,0.0,0.0,0.0,0.0,0.0,0.0,0.0,0,0,0,0,0,0,0.0,0.0
259,Josh Okogie,SG,PHO,5,0,14,2.0,3.6,1.0,0.6,0.0,0.4,0.6,2,15,1,9,5,7,28.0,6.199999999999999
260,Josh Richardson,SG,MIA,4,2,32,12.8,3.2,5.0,0.8,0.2,1.2,2.2,18,39,6,19,9,10,59.0,18.6
261,Jrue Holiday,PG,BOS,4,4,34,12.5,8.2,6.5,1.0,0.2,1.2,2.0,19,45,8,19,4,4,53.0,25.2
262,Julian Champagnie,SF,SAS,2,2,14,5.5,1.2,1.5,1.0,1.0,1.0,0.8,6,19,5,11,5,6,25.0,8.399999999999999
263,Julian Phillips,SF,CHI,2,0,3,0.8,0.5,0.2,0.0,0.0,0.2,0.2,1,4,0,2,1,4,14.0,1.1
264,Julian Strawther,SF,DEN,2,0,3,0.5,0.0,0.2,0.2,0.0,0.0,0.8,1,4,0,3,0,0,12.0,0.09999999999999987
265,Julius Randle,PF,NYK,5,5,36,23.4,10.6,6.0,1.0,0.4,4.2,2.4,41,84,7,27,28,37,58.0,34.8
266,Justin Holiday,SG,DEN,2,0,3,0.8,0.0,0.2,0.2,0.0,0.0,0.5,1,2,1,2,0,0,40.0,0.7
267,Justin Minaya,SF,POR,2,0,3,0.0,0.5,0.0,0.0,0.0,0.0,0.0,0,0,0,0,0,0,0.0,0.5
268,Jusuf Nurkić,C,PHO,5,5,29,11.2,9.4,4.2,1.2,1.2,2.6,3.4,18,34,4,10,16,24,63.0,21.2
269,KJ Martin,SF,TOT,0,0,0,0.0,0.0,0.0,0.0,0.0,0.0,0.0,0,0,0,0,0,0,0.0,0.0
270,KJ Martin,SF,LAC,0,0,0,0.0,0.0,0.0,0.0,0.0,0.0,0.0,0,0,0,0,0,0,0.0,0.0
271,KJ Martin,SF,PHI,0,0,0,0.0,0.0,0.0,0.0,0.0,0.0,0.0,0,0,0,0,0,0,0.0,0.0
272,Karl-Anthony Towns,PF,MIN,4,4,36,25.5,11.0,2.8,0.5,0.0,4.5,2.2,34,70,13,27,21,21,64.0,33.099999999999994
273,Kawhi Leonard,SF,LAC,4,4,34,21.8,5.2,2.8,2.8,0.5,2.2,1.5,29,62,8,20,21,24,60.0,29.400000000000002
274,Keegan Murray,SF,SAC,3,3,36,14.7,7.0,1.7,1.3,0.3,2.0,2.7,16,38,7,22,5,5,55.0,20.3
275,Keita Bates-Diop,SF,PHO,5,2,17,5.4,2.8,0.4,1.0,1.2,0.0,0.8,9,24,1,8,8,9,48.0,9.999999999999998
276,Keldon Johnson,SF,SAS,3,3,34,16.3,8.7,4.0,1.0,0.3,2.3,2.0,17,39,8,19,7,11,56.0,26.0
277,Kelly Olynyk,C,UTA,4,0,22,7.2,7.2,4.2,0.5,0.2,2.0,2.2,10,21,3,9,6,8,59.0,15.100000000000001
278,Kelly Oubre Jr.,SF,PHI,1,1,26,8.0,8.0,1.0,2.0,0.0,0.0,3.0,3,9,0,3,2,3,39.0,16.0
279,Kenneth Lofton Jr.,PF,MEM,3,0,3,0.4,0.4,0.0,0.0,0.2,0.2,0.8,1,5,0,2,0,0,12.0,0.0
280,Kenrich Williams,PF,OKC,2,0,14,5.5,1.0,1.0,0.0,0.0,0.5,3.5,5,10,1,5,0,0,55.0,3.5
281,Kentavious Caldwell-Pope,SG,DEN,4,4,37,11.2,3.0,4.0,1.8,0.5,1.0,1.8,15,32,7,15,8,10,62.0,17.7
282,Keon Ellis,SG,SAC,4,1,13,4.5,1.0,1.0,0.5,0.8,0.5,1.0,5,13,3,11,5,6,58.0,6.3
283,Kessler Edwards,SF,SAC,3,0,5,2.0,0.8,0.2,0.2,0.0,0.0,0.2,4,8,2,4,0,0,38.0,3.0
284,Kevin Durant,PF,PHO,4,4,36,34.5,7.2,6.8,0.0,0.5,3.2,3.5,53,87,16,23,16,19,72.0,42.3
285,Kevin Huerter,SG,SAC,5,5,29,16.0,5.2,2.8,1.2,0.4,0.6,2.8,32,60,13,33,3,4,65.0,22.199999999999996
286,Kevin Knox,SF,DET,2,1,14,5.8,3.5,0.5,0.5,0.2,0.5,1.5,10,18,3,8,0,0,32.0,8.5
287,Kevin Love,PF,MIA,3,1,14,4.0,4.8,1.5,0.0,0.0,0.5,1.0,4,23,3,16,5,6,23.0,8.8
288,Kevon Looney,C,GSW,4,3,24,3.5,7.0,3.2,1.2,0.2,1.0,3.2,4,10,0,0,6,9,50.0,10.899999999999999
289,Keyonte George,PG,UTA,4,4,26,11.5,3.2,6.5,0.8,0.2,2.2,1.8,14,43,7,24,11,12,48.0,18.2
290,Khris Middleton,SF,MIL,6,6,22,13.7,5.8,3.8,0.7,0.0,1.3,1.8,32,67,12,24,6,6,59.0,20.9
291,Killian Hayes,PG,DET,4,3,25,10.2,2.2,4.0,1.0,0.8,0.8,0.8,16,37,3,11,6,9,50.0,16.599999999999998
292,Kira Lewis Jr.,PG,NOP,2,0,1,0.7,0.0,0.0,0.0,0.0,0.2,0.0,2,4,0,1,0,0,18.0,0.49999999999999994
293,Klay Thompson,SF,GSW,4,4,24,13.2,3.8,2.2,0.5,0.5,1.5,2.2,15,36,10,24,13,15,62.0,16.5
294,Kobe Brown,PF,LAC,1,0,4,2.3,0.3,0.0,0.0,0.0,0.3,0.7,3,4,1,1,0,0,29.0,1.5999999999999999
295,Kris Dunn,PG,UTA,1,0,2,1.2,0.0,0.5,0.0,0.0,0.8,0.2,2,4,1,1,0,0,15.0,0.7
296,Kris Murray,SF,POR,3,0,3,1.0,0.3,0.0,0.3,0.0,0.0,0.3,1,4,1,3,0,0,38.0,1.3
297,Kristaps Porziņģis,C,BOS,3,3,27,10.7,6.0,3.0,1.0,1.3,1.3,2.7,12,26,1,9,7,8,54.0,18.0
298,Kyle Anderson,PF,MIN,4,0,23,6.2,3.8,3.2,0.2,0.5,2.5,1.8,8,19,0,2,9,12,51.0,9.599999999999998
299,Kyle Kuzma,PF,WAS,4,4,30,20.0,4.5,3.2,0.0,0.5,2.8,2.5,32,79,12,30,4,4,50.0,22.9
300,Kyle Lowry,PG,MIA,4,4,26,8.5,4.0,4.2,1.2,0.2,1.0,3.2,12,24,6,15,4,4,66.0,13.899999999999999
301,Kyrie Irving,SG,DAL,4,4,30,23.2,2.8,5.2,1.8,0.8,1.5,1.0,31,69,11,28,20,23,59.0,31.299999999999997
302,LaMelo Ball,PG,CHO,3,3,37,30.0,5.7,7.3,2.0,0.0,5.3,4.0,30,73,10,27,20,22,54.0,35.7
303,Lamar Stevens,PF,BOS,0,0,0,0.0,0.0,0.0,0.0,0.2,0.0,0.0,0,0,0,0,0,0,0.0,0.2
304,Landry Shamet,SG,WAS,4,0,15,7.8,0.8,1.0,0.2,0.0,0.2,1.2,12,26,6,18,1,2,58.0,8.4
305,Larry Nance Jr.,C,NOP,2,0,17,2.5,4.0,0.5,0.0,1.5,1.0,1.0,2,4,0,1,1,2,51.0,6.5
306,Lauri Markkanen,PF,UTA,4,4,32,19.5,6.5,0.2,1.2,1.2,0.8,1.8,25,53,9,29,19,22,62.0,25.999999999999996
307,LeBron James,PF,LAL,6,6,30,26.8,7.5,8.2,1.5,0.2,2.5,1.5,57,97,20,32,27,35,72.0,40.2
308,Leaky Black,SF,CHO,2,0,2,0.0,0.0,0.0,0.3,0.0,0.0,0.0,0,2,0,1,0,0,0.0,0.3
309,Leonard Miller,SF,MIN,0,0,0,0.0,0.0,0.0,0.0,0.0,0.0,0.0,0,0,0,0,0,0,0.0,0.0
310,Lindell Wigginton,PG,MIL,0,0,0,0.0,0.0,0.0,0.0,0.0,0.0,0.0,0,0,0,0,0,0,0.0,0.0
311,Lindy Waters III,SG,OKC,2,0,8,2.0,0.0,0.7,0.0,0.0,0.0,0.3,2,5,2,5,0,0,40.0,2.4000000000000004
312,Lonnie Walker IV,SG,BRK,4,0,19,12.2,2.8,2.0,0.5,0.8,1.2,0.5,19,37,8,18,3,4,63.0,16.6
313,Luguentz Dort,SF,OKC,4,4,26,11.5,4.2,0.8,1.0,0.5,1.0,3.8,14,28,10,14,8,11,70.0,13.2
314,Luka Dončić,PG,DAL,4,4,33,33.8,6.8,6.2,0.8,0.2,4.5,1.5,48,90,18,35,21,25,67.0,41.8
315,Luka Šamanić,PF,UTA,1,0,2,0.0,0.8,0.2,0.0,0.0,0.2,0.2,0,3,0,2,0,0,0.0,0.6000000000000001
316,Luke Kennard,SG,MEM,4,0,20,6.0,3.8,1.2,0.2,0.2,0.0,0.8,9,28,5,18,1,1,42.0,10.599999999999998
317,Luke Kornet,C,BOS,4,0,15,5.8,4.4,0.8,0.6,2.0,0.6,1.6,13,19,0,0,3,3,57.0,11.4
318,Malachi Flynn,PG,TOR,4,0,16,4.5,1.2,2.0,0.5,0.2,0.8,1.0,6,16,3,8,3,4,51.0,6.599999999999999
319,Malaki Branham,SG,SAS,4,1,22,8.2,1.0,1.8,1.0,0.0,1.0,1.2,15,43,0,16,3,4,37.0,9.8
320,Malcolm Brogdon,PG,POR,1,1,24,19.0,1.0,5.0,0.0,0.0,2.0,2.0,6,14,4,5,3,4,60.0,21.0
321,Malcolm Cazalon,SG,DET,0,0,0,0.0,0.0,0.0,0.0,0.0,0.0,0.0,0,0,0,0,0,0,0.0,0.0
322,Malik Beasley,SG,MIL,6,6,30,11.7,5.3,1.5,0.0,0.5,0.3,2.7,26,53,18,37,0,0,66.0,16.0
323,Malik Monk,SG,SAC,5,0,28,18.2,2.8,4.4,1.2,0.2,2.4,2.0,33,66,19,36,6,6,66.0,22.4
324,MarJon Beauchamp,SF,MIL,5,0,14,5.4,3.4,1.2,0.2,0.2,0.2,1.8,9,19,5,9,4,9,59.0,8.399999999999999
325,Marcus Morris,PF,PHI,3,0,8,0.7,1.7,0.3,0.0,0.0,0.0,1.3,1,4,0,2,0,0,26.0,1.3999999999999997
326,Marcus Sasser,PG,DET,4,0,15,3.8,1.0,1.2,0.0,0.0,0.0,1.2,5,23,1,12,4,4,31.0,4.8
327,Marcus Smart,PG,MEM,4,4,28,7.8,1.5,2.5,1.0,0.5,2.2,2.2,11,36,2,18,7,7,40.0,8.900000000000002
328,Mark Williams,C,CHO,4,4,27,13.8,14.8,1.2,0.8,0.0,0.0,1.2,24,42,0,0,7,12,58.0,29.400000000000002
329,Markieff Morris,PF,DAL,0,0,0,0.0,0.0,0.0,0.0,0.0,0.0,0.0,0,0,0,0,0,0,0.0,0.0
330,Marques Bolden,C,MIL,1,0,1,0.0,1.0,0.0,0.0,0.0,0.0,0.5,0,0,0,0,0,0,0.0,0.5
331,Marvin Bagley III,C,DET,4,2,18,10.5,6.2,1.2,0.2,1.2,1.8,1.2,18,27,0,0,6,6,71.0,16.299999999999997
332,Matisse Thybulle,SF,POR,3,0,22,3.7,2.7,0.7,1.0,0.3,0.7,1.0,4,10,3,9,0,0,56.0,6.700000000000002
333,Matt Ryan,SF,NOP,3,0,18,5.0,1.3,0.0,0.7,0.0,0.3,0.7,5,15,5,11,0,1,49.0,6.0
334,Max Christie,SG,LAL,5,0,10,3.5,1.5,1.0,0.5,0.2,0.3,0.8,9,18,3,9,0,2,46.0,5.6000000000000005
335,Max Strus,SF,CLE,5,5,38,15.0,3.6,3.4,1.8,1.0,1.2,2.2,27,62,14,36,7,10,56.0,21.400000000000002
336,Maxwell Lewis,SF,LAL,3,0,3,0.6,0.2,0.2,0.0,0.0,0.2,0.0,1,5,1,2,0,0,18.0,0.8
337,Michael Porter Jr.,SF,DEN,4,4,34,16.5,8.0,0.5,0.5,1.2,1.0,2.2,28,57,10,30,0,3,57.0,23.5
338,Mikal Bridges,SF,BRK,4,4,32,18.8,5.5,3.2,1.0,0.0,3.2,1.8,30,62,8,22,7,9,57.0,23.5
339,Mike Conley,PG,MIN,4,4,32,9.8,2.5,7.8,1.0,0.0,1.5,1.8,12,34,9,20,6,6,53.0,17.8
340,Mike Muscala,C,WAS,1,0,3,1.2,0.2,0.2,0.0,0.0,0.2,0.2,2,5,1,4,0,0,12.0,1.2
341,Miles Bridges,SF,CHO,2,1,32,15.0,4.5,3.0,2.0,0.5,2.0,1.5,11,25,4,8,4,5,55.0,21.5
342,Miles McBride,PG,NYK,4,0,4,1.6,0.2,0.2,0.2,0.0,0.0,0.4,3,5,2,4,0,0,64.0,1.8000000000000003
343,Mitchell Robinson,C,NYK,5,5,27,3.8,8.8,1.0,1.2,1.6,1.2,2.0,9,20,0,0,1,5,43.0,13.200000000000003
344,Mo Bamba,C,PHI,0,0,0,0.0,0.0,0.0,0.0,0.0,0.0,0.0,0,0,0,0,0,0,0.0,0.0
345,Moritz Wagner,C,ORL,4,0,20,14.5,4.2,2.2,0.2,0.2,0.8,2.8,21,31,1,4,15,17,75.0,17.699999999999996
346,Moses Brown,C,POR,1,0,0,0.0,0.3,0.0,0.0,0.0,0.0,0.0,0,1,0,0,0,0,0.0,0.3
347,Moses Moody,SG,GSW,4,1,15,9.8,2.0,1.8,0.5,0.0,0.8,1.0,15,21,7,11,2,4,86.0,12.3
348,Moussa Diabaté,C,LAC,1,0,4,2.8,2.2,0.0,0.0,0.0,0.0,0.8,4,6,0,0,3,4,18.0,4.2
349,Myles Turner,C,IND,6,6,28,20.2,8.5,1.0,1.0,2.7,1.2,3.5,42,80,10,28,27,33,64.0,28.699999999999996
350,Naji Marshall,SF,NOP,5,0,15,7.0,4.2,1.0,0.5,0.3,0.8,0.8,11,27,6,15,14,15,52.0,11.399999999999999
351,Nassir Little,PF,PHO,4,0,12,5.0,2.4,0.6,0.4,0.2,0.4,0.8,8,14,3,7,6,6,60.0,7.3999999999999995
352,Nate Hinton,SG,HOU,0,0,0,0.0,0.0,0.0,0.0,0.0,0.0,0.0,0,0,0,0,0,0,0.0,0.0
353,Naz Reid,C,MIN,4,0,19,10.2,3.2,0.5,0.0,1.5,1.2,1.8,17,28,7,13,0,0,73.0,12.399999999999999
354,Neemias Queta,C,BOS,0,0,0,0.0,0.0,0.0,0.0,0.0,0.0,0.0,0,0,0,0,0,0,0.0,0.0
355,Nic Claxton,C,BRK,2,2,26,11.5,7.0,0.0,0.5,3.0,0.5,2.5,10,15,0,0,3,6,65.0,19.0
356,Nick Richards,C,CHO,3,0,16,9.0,6.7,0.3,0.7,0.3,1.3,3.0,8,9,0,0,11,14,89.0,12.7
357,Nick Smith Jr.,SG,CHO,3,0,7,3.2,0.8,0.0,0.0,0.2,0.2,0.5,5,12,3,4,0,0,40.0,3.5
358,Nickeil Alexander-Walker,SG,MIN,4,2,22,5.8,1.5,2.0,0.8,0.8,1.0,1.8,8,24,5,17,2,2,47.0,8.100000000000001
359,Nicolas Batum,PF,TOT,1,0,26,3.0,3.0,3.0,1.0,0.0,0.0,4.0,1,2,1,2,0,0,75.0,6.0
360,Nicolas Batum,PF,LAC,1,0,26,3.0,3.0,3.0,1.0,0.0,0.0,4.0,1,2,1,2,0,0,75.0,6.0
361,Nicolas Batum,PF,PHI,1,0,26,3.0,3.0,3.0,1.0,0.0,0.0,4.0,1,2,1,2,0,0,75.0,6.0
362,Nikola Jokić,C,DEN,4,4,37,32.2,16.2,11.0,1.5,0.5,3.8,2.5,46,90,8,25,29,35,61.0,55.10000000000001
363,Nikola Jović,PF,MIA,0,0,0,0.0,0.0,0.0,0.0,0.0,0.0,0.0,0,0,0,0,0,0,0.0,0.0
364,Nikola Vučević,C,CHI,4,4,31,10.0,9.8,4.0,0.8,0.2,0.8,2.2,18,48,2,8,2,2,41.0,21.8
365,Norman Powell,SG,LAC,4,0,23,11.0,1.2,1.0,1.0,0.2,0.5,2.2,15,33,7,13,7,8,60.0,11.7
366,OG Anunoby,SF,TOR,3,3,25,11.8,2.5,2.2,0.2,0.8,2.0,1.2,18,34,10,18,1,2,51.0,14.3
367,Obi Toppin,PF,IND,6,5,26,15.8,3.7,2.2,0.2,0.7,0.3,1.8,40,61,8,22,7,10,72.0,20.499999999999996
368,Ochai Agbaji,SG,UTA,4,4,24,7.2,5.5,0.5,0.8,1.5,0.5,2.2,11,24,5,12,2,2,58.0,12.8
369,Olivier Sarr,C,OKC,0,0,0,0.0,0.0,0.0,0.0,0.0,0.0,0.0,0,0,0,0,0,0,0.0,0.0
370,Olivier-Maxence Prosper,PF,DAL,3,0,4,1.8,1.0,0.0,0.0,0.0,0.0,0.2,2,5,1,2,2,4,40.0,2.5999999999999996
371,Omer Yurtseven,C,UTA,1,0,4,4.5,1.5,0.2,0.0,0.0,0.0,0.2,8,11,0,1,2,3,18.0,6.0
372,Onyeka Okongwu,C,ATL,4,0,21,8.2,7.2,2.0,0.0,0.5,1.0,2.5,13,25,2,5,5,6,59.0,14.399999999999999
373,Orlando Robinson,C,MIA,0,0,0,0.0,0.0,0.0,0.0,0.0,0.0,0.0,0,0,0,0,0,0,0.0,0.0
374,Oscar Tshiebwe,,,0,0,0,0.0,0.0,0.0,0.0,0.0,0.0,0.0,0,0,0,0,0,0,0.0,0.0
375,Oshae Brissett,SF,BOS,2,0,2,0.4,0.6,0.0,0.2,0.0,0.0,0.8,0,3,0,2,2,6,7.0,0.3999999999999999
376,Otto Porter Jr.,SF,TOR,1,0,1,1.7,0.7,0.0,0.0,0.0,0.3,0.3,2,2,1,1,0,0,42.0,1.8
377,Ousmane Dieng,PF,OKC,3,0,4,1.0,1.0,0.7,0.0,0.0,0.3,0.3,1,5,1,4,0,0,30.0,2.1000000000000005
378,P.J. Tucker,PF,TOT,4,0,16,1.5,2.0,0.8,0.2,0.0,0.2,2.5,2,6,2,6,0,0,50.0,1.7999999999999998
379,P.J. Tucker,PF,PHI,4,0,16,1.5,2.0,0.8,0.2,0.0,0.2,2.5,2,6,2,6,0,0,50.0,1.7999999999999998
380,P.J. Tucker,PF,LAC,4,0,16,1.5,2.0,0.8,0.2,0.0,0.2,2.5,2,6,2,6,0,0,50.0,1.7999999999999998
381,P.J. Washington,PF,CHO,4,3,31,14.2,6.8,2.2,0.5,0.2,1.5,2.0,22,51,10,28,3,6,53.0,20.4
382,Paolo Banchero,PF,ORL,4,4,33,20.0,6.5,3.8,0.5,0.8,3.8,2.2,32,65,8,17,8,15,56.0,25.6
383,Pascal Siakam,PF,TOR,4,4,32,18.5,5.2,5.8,0.8,0.0,2.5,2.5,28,56,1,13,17,22,56.0,25.3
384,Pat Connaughton,SF,MIL,4,0,24,5.5,3.5,1.8,0.5,0.0,0.8,0.8,9,23,4,14,0,2,46.0,9.7
385,Patrick Baldwin Jr.,SF,WAS,0,0,0,0.0,0.0,0.0,0.0,0.0,0.0,0.0,0,0,0,0,0,0,0.0,0.0
386,Patrick Beverley,PG,PHI,3,0,15,1.3,2.3,1.3,0.0,0.0,0.0,2.7,1,5,0,3,2,2,33.0,2.1999999999999993
387,Patrick Williams,PF,CHI,4,1,20,9.0,4.8,1.2,0.8,0.8,1.8,1.0,14,27,5,9,3,4,63.0,13.8
388,Patty Mills,PG,ATL,0,0,0,0.0,0.0,0.0,0.0,0.0,0.0,0.0,0,0,0,0,0,0,0.0,0.0
389,Paul George,PF,LAC,4,4,35,25.0,6.5,2.5,1.5,0.2,2.0,3.0,38,90,13,40,11,12,52.0,30.700000000000003
390,Paul Reed,C,PHI,3,0,11,2.0,2.3,0.3,0.0,0.3,0.3,1.7,3,6,0,0,0,0,50.0,2.8999999999999995
391,Payton Pritchard,PG,BOS,5,0,19,6.2,3.6,2.4,0.6,0.0,0.2,0.4,12,34,6,23,1,2,44.0,12.200000000000001
392,Peyton Watson,SF,DEN,4,0,10,2.5,1.8,0.5,0.0,0.8,0.5,1.5,4,12,0,3,2,4,36.0,3.5999999999999996
393,Precious Achiuwa,C,TOR,4,0,16,4.8,6.2,2.5,1.0,0.8,1.8,1.8,7,16,0,5,5,10,47.0,11.7
394,Quentin Grimes,SG,NYK,4,4,22,6.5,1.5,1.2,0.5,0.0,0.5,2.5,9,20,8,17,0,0,65.0,6.699999999999999
395,RJ Barrett,SG,NYK,3,3,23,14.2,4.5,1.0,0.2,0.0,1.5,0.8,17,45,3,13,20,20,40.0,17.599999999999998
396,Rayan Rupert,SG,POR,2,0,2,0.5,0.0,0.5,0.5,0.0,0.0,0.0,0,3,0,0,1,2,13.0,1.5
397,Reggie Bullock,SF,HOU,0,0,0,0.0,0.0,0.0,0.0,0.0,0.0,0.0,0,0,0,0,0,0,0.0,0.0
398,Reggie Jackson,PG,DEN,4,3,26,10.5,2.5,3.0,1.0,0.5,3.8,1.5,17,40,3,14,5,8,48.0,12.2
399,Richaun Holmes,C,DAL,2,0,6,2.0,2.5,0.0,0.0,0.0,0.8,1.5,4,7,0,0,0,0,29.0,2.2
400,Robert Covington,SF-PF,TOT,3,2,17,3.7,2.7,1.3,1.7,0.7,0.3,2.0,4,10,3,7,0,0,56.0,7.799999999999999
401,Robert Covington,PF,LAC,3,2,17,3.7,2.7,1.3,1.7,0.7,0.3,2.0,4,10,3,7,0,0,56.0,7.799999999999999
402,Robert Covington,SF,PHI,3,2,17,3.7,2.7,1.3,1.7,0.7,0.3,2.0,4,10,3,7,0,0,56.0,7.799999999999999
403,Robin Lopez,C,MIL,1,0,0,0.0,0.0,0.0,0.0,0.0,0.0,0.0,0,1,0,1,0,0,0.0,0.0
404,Royce O'Neale,SF,BRK,4,1,30,10.8,4.8,4.2,0.5,0.8,0.8,4.0,14,31,14,30,1,2,68.0,16.3
405,Rudy Gobert,C,MIN,4,4,35,12.2,12.5,0.8,0.5,2.2,1.8,3.2,18,36,0,0,13,15,57.0,23.2
406,Rui Hachimura,PF,LAL,6,0,23,11.3,3.3,1.2,0.7,0.2,1.2,2.2,26,51,9,20,7,9,62.0,13.3
407,Russell Westbrook,PG,LAC,4,2,18,8.2,4.5,2.2,1.2,0.2,1.8,1.8,12,40,2,10,7,11,37.0,12.699999999999996
408,Ryan Arcidiacono,PG,NYK,2,0,1,0.0,0.2,0.2,0.2,0.0,0.0,0.0,0,0,0,0,0,0,0.0,0.6000000000000001
409,Ryan Rollins,PG,WAS,1,0,4,3.5,0.5,1.0,0.0,0.5,0.0,0.5,2,4,1,1,2,3,33.0,5.0
410,Saben Lee,PG,PHO,0,0,0,0.0,0.0,0.0,0.0,0.0,0.0,0.0,0,0,0,0,0,0,0.0,0.0
411,Saddiq Bey,SF,ATL,4,1,30,15.5,6.2,2.0,1.2,0.2,0.8,1.2,21,37,8,19,12,17,70.0,23.099999999999998
412,Sam Hauser,SF,BOS,5,0,23,12.0,4.6,1.4,0.2,0.0,0.6,0.8,21,44,17,37,1,2,67.0,16.799999999999997
413,Sam Merrill,SG,CLE,2,0,2,0.4,0.2,0.0,0.2,0.0,0.0,0.2,1,2,0,1,0,0,20.0,0.6000000000000001
414,Sandro Mamukelashvili,C,SAS,1,0,3,1.5,0.8,0.8,0.0,0.0,0.2,0.2,1,2,0,0,4,4,20.0,2.6999999999999993
415,Santi Aldama,PF,MEM,3,1,24,17.0,4.0,1.3,0.0,0.7,1.0,1.0,20,38,7,19,4,7,62.0,21.0
416,Sasha Vezenkov,PF,SAC,4,0,9,3.8,2.2,0.2,0.2,0.4,0.0,1.4,7,19,5,12,0,0,40.0,5.4
417,Scottie Barnes,SG,TOR,4,4,32,14.5,8.0,5.5,1.8,0.8,2.0,2.0,20,54,8,22,10,14,48.0,26.6
418,Seth Curry,SG,DAL,3,0,6,2.0,1.0,0.8,1.0,0.0,0.2,0.5,1,7,1,7,5,6,31.0,4.1
419,Shaedon Sharpe,SG,POR,3,3,37,14.7,6.7,3.0,1.3,0.3,5.7,3.3,14,46,3,20,13,16,42.0,17.0
420,Shai Gilgeous-Alexander,PG,OKC,3,3,33,31.0,5.7,4.7,4.0,1.3,2.3,1.7,37,63,1,7,18,19,65.0,42.7
421,Shake Milton,SG,MIN,4,0,13,4.5,2.5,1.5,0.5,0.5,2.0,2.0,6,16,2,6,4,5,49.0,5.5
422,Shaquille Harrison,SG,MEM,1,0,1,0.0,0.0,0.0,0.0,0.0,0.0,0.0,0,0,0,0,0,0,0.0,0.0
423,Sidy Cissoko,SF,SAS,0,0,0,0.0,0.0,0.0,0.0,0.0,0.0,0.0,0,0,0,0,0,0,0.0,0.0
424,Simone Fontecchio,SF,UTA,4,0,18,6.2,2.0,0.2,0.5,0.2,0.8,2.2,9,16,7,13,0,0,78.0,6.099999999999997
425,Sir'Jabari Rice,,,0,0,0,0.0,0.0,0.0,0.0,0.0,0.0,0.0,0,0,0,0,0,0,0.0,0.0
426,Skylar Mays,PG,POR,3,2,26,9.0,4.0,7.0,0.7,0.7,1.0,2.0,11,27,5,11,0,0,50.0,18.4
427,Spencer Dinwiddie,PG,BRK,4,4,31,18.5,5.2,7.5,1.5,0.0,1.8,1.2,22,49,13,31,17,20,64.0,29.700000000000003
428,Stanley Umude,SG,DET,3,0,14,6.7,4.0,0.3,0.7,1.0,0.3,2.0,3,6,3,5,11,12,89.0,10.399999999999999
429,Stephen Curry,PG,GSW,3,3,34,31.3,7.0,6.3,1.0,0.3,4.7,2.7,28,55,16,36,22,22,73.0,38.499999999999986
430,Svi Mykhailiuk,SF,BOS,2,0,2,0.0,0.2,0.0,0.0,0.0,0.4,0.2,0,1,0,1,0,0,0.0,-0.4
431,T.J. McConnell,PG,IND,4,0,8,4.0,1.0,2.3,0.7,0.0,0.7,0.7,11,25,0,2,2,3,30.0,6.6
432,Talen Horton-Tucker,PG,UTA,4,0,20,8.0,3.0,4.0,1.0,0.8,1.8,2.5,9,27,4,15,10,10,51.0,12.5
433,Tari Eason,PF,HOU,4,0,18,8.0,6.5,0.2,0.5,1.5,0.8,3.0,14,30,1,5,3,7,48.0,12.899999999999999
434,Taurean Prince,PF,LAL,6,6,29,8.2,1.8,1.0,1.2,0.5,0.8,2.7,17,44,8,28,7,10,51.0,9.2
435,Taylor Hendricks,PF,UTA,0,0,0,0.0,0.0,0.0,0.0,0.0,0.0,0.0,0,0,0,0,0,0,0.0,0.0
436,Terance Mann,SG,LAC,4,2,25,4.8,5.0,4.0,0.8,0.5,0.2,3.8,8,16,2,6,1,2,57.0,11.100000000000001
437,Terry Rozier,SG,CHO,1,1,32,11.0,2.0,5.0,1.0,0.0,3.0,0.0,5,16,0,3,1,1,33.0,16.0
438,Terry Taylor,PF,CHI,1,0,1,0.0,0.0,0.0,0.2,0.0,0.0,0.0,0,0,0,0,0,0,0.0,0.2
439,Thaddeus Young,PF,TOR,0,0,0,0.0,0.0,0.0,0.0,0.0,0.0,0.0,0,0,0,0,0,0,0.0,0.0
440,Thanasis Antetokounmpo,PF,MIL,2,0,1,0.7,0.2,0.0,0.2,0.0,0.0,0.0,2,2,0,0,0,0,35.0,1.0999999999999999
441,Thomas Bryant,C,MIA,2,0,5,3.2,1.2,0.0,0.0,0.2,0.5,1.0,6,10,0,0,1,2,29.0,3.1000000000000005
442,Théo Maledon,PG,CHO,4,1,11,1.5,2.0,2.2,0.2,0.0,1.2,0.8,2,12,0,4,2,2,23.0,3.9000000000000004
443,Tim Hardaway Jr.,SF,DAL,4,0,24,13.5,1.8,1.5,0.2,0.0,0.8,1.2,18,44,9,30,9,9,56.0,15.0
444,Tobias Harris,PF,PHI,3,3,37,25.0,7.3,3.0,0.7,0.3,1.7,1.7,31,52,5,9,8,9,67.0,32.89999999999999
445,Torrey Craig,SF,CHI,4,1,20,3.5,3.2,1.2,0.8,0.5,0.8,2.2,4,11,3,7,3,4,55.0,6.2
446,Toumani Camara,PF,POR,3,3,33,8.7,5.0,0.3,1.0,1.0,1.3,3.0,8,18,3,12,7,11,57.0,11.7
447,Trae Young,PG,ATL,3,3,35,24.3,1.3,10.3,1.7,0.0,3.3,3.0,21,45,9,22,22,24,66.0,31.30000000000001
448,Trayce Jackson-Davis,PF,GSW,2,0,5,1.3,0.7,1.0,0.0,0.3,1.0,1.0,0,2,0,0,4,4,35.0,1.2999999999999998
449,Tre Jones,PG,SAS,2,0,20,7.5,4.5,3.0,1.5,0.5,1.5,1.0,7,13,1,2,0,0,58.0,14.5
450,Tre Mann,PG,OKC,1,0,2,1.2,0.5,0.5,0.2,0.0,0.2,0.0,2,4,1,3,0,0,15.0,2.2
451,Trendon Watford,PF,BRK,2,0,10,4.0,2.0,0.8,0.0,0.2,0.8,1.2,7,13,0,1,2,2,29.0,5.0
452,Trent Forrest,SG,ATL,2,0,4,0.5,0.2,1.0,0.0,0.0,0.0,0.0,0,2,0,0,2,2,17.0,1.7
453,Trey Lyles,PF,SAC,3,0,20,8.3,4.7,2.0,0.0,0.3,0.7,2.0,6,16,4,13,9,13,57.0,12.600000000000001
454,Trey Murphy III,SF,NOP,2,0,26,15.0,2.5,1.0,0.0,0.5,0.0,1.0,11,26,5,15,3,4,54.0,18.0
455,Tristan Thompson,PF,CLE,3,0,6,1.4,0.8,0.4,0.2,0.2,0.2,0.2,3,4,1,1,0,2,43.0,2.6
456,Troy Brown Jr.,SF,MIN,3,0,14,6.8,3.0,0.2,0.2,0.2,0.2,0.8,9,15,4,10,5,8,55.0,9.399999999999999
457,TyTy Washington Jr.,PG,MIL,0,0,0,0.0,0.0,0.0,0.0,0.0,0.0,0.0,0,0,0,0,0,0,0.0,0.0
458,Tyler Herro,SG,MIA,1,1,36,24.0,10.0,9.0,2.0,0.0,3.0,3.0,9,17,4,7,2,2,67.0,39.0
459,Tyrese Haliburton,PG,IND,6,6,36,27.8,5.5,13.7,1.3,0.5,1.8,1.0,57,110,29,65,24,27,68.0,46.0
460,Tyrese Maxey,PG,PHI,3,3,39,25.0,4.7,8.0,1.7,0.7,2.0,2.0,23,55,7,18,22,22,58.0,36.10000000000001
461,Tyus Jones,PG,WAS,4,4,29,14.0,4.0,5.2,0.5,0.2,0.8,0.8,22,38,5,12,7,8,67.0,22.299999999999997
462,Udoka Azubuike,C,PHO,0,0,0,0.0,0.0,0.0,0.0,0.0,0.0,0.0,0,0,0,0,0,0,0.0,0.0
463,Usman Garuba,,,0,0,0,0.0,0.0,0.0,0.0,0.0,0.0,0.0,0,0,0,0,0,0,0.0,0.0
464,Vasilije Micić,PG,OKC,2,0,8,3.2,0.5,1.8,0.2,0.0,0.5,0.5,4,9,3,5,2,4,30.0,4.7
465,Victor Wembanyama,PF,SAS,4,4,32,21.5,10.2,2.5,1.0,2.0,4.5,3.0,36,80,6,24,8,10,51.0,29.700000000000003
466,Vince Williams Jr.,SG,MEM,4,0,7,0.6,1.6,0.4,0.0,0.0,0.2,1.0,1,5,1,5,0,0,24.0,1.4
467,Wendell Moore Jr.,SG,MIN,0,0,0,0.0,0.0,0.0,0.0,0.0,0.0,0.0,0,0,0,0,0,0,0.0,0.0
468,Wesley Matthews,SG,ATL,3,0,8,1.2,1.0,0.8,0.0,0.0,0.2,1.2,1,7,1,7,2,4,21.0,1.5999999999999999
469,Xavier Tillman Sr.,C,MEM,3,0,23,9.0,5.0,2.3,0.7,0.7,0.7,2.3,11,17,3,5,2,3,74.0,14.7
470,Yuta Watanabe,SF,PHO,2,0,8,2.0,1.0,0.0,0.0,0.0,0.0,2.0,2,7,2,5,0,0,29.0,1.0
471,Zach Collins,C,SAS,4,4,30,14.5,6.5,4.2,0.8,0.5,2.8,4.0,23,43,5,18,7,8,62.0,19.7
472,Zach LaVine,SG,CHI,4,4,35,24.0,4.8,3.8,1.2,0.2,2.5,2.8,39,73,9,28,9,11,62.0,28.700000000000006
473,Zeke Nnaji,PF,DEN,4,0,8,1.8,1.8,0.0,0.0,0.0,1.0,0.8,3,6,0,0,1,3,49.0,1.8
474,Ziaire Williams,SF,MEM,4,2,20,6.2,1.8,1.0,0.5,0.8,0.8,2.5,10,26,3,9,2,2,46.0,7.0
475,Zion Williamson,PF,NOP,6,6,30,20.7,5.5,4.3,1.2,0.5,3.8,3.2,50,89,1,4,23,44,57.0,25.200000000000003
